{"cameraMode":{"drawMode":0,"name":"Shaded","section":"Shading Mode"},"sceneLighting":false,"audioPlay":false,"sceneViewState":{"m_AlwaysRefresh":false,"showFog":true,"showSkybox":false,"showFlares":true,"showImageEffects":true,"showParticleSystems":true,"showVisualEffectGraphs":true,"m_FxEnabled":true},"in2DMode":false,"pivot":{"x":-4.6098504066467289,"y":0.42342710494995119,"z":6.022078990936279},"rotation":{"x":-0.012544039636850357,"y":-0.984807014465332,"z":0.15337473154067994,"w":-0.08054161071777344},"size":1.0054335594177247,"orthographic":false}