{"cameraMode":{"drawMode":0,"name":"Shaded","section":"Shading Mode"},"sceneLighting":true,"audioPlay":false,"sceneViewState":{"m_AlwaysRefresh":false,"showFog":true,"showSkybox":true,"showFlares":true,"showImageEffects":true,"showParticleSystems":true,"showVisualEffectGraphs":true,"m_FxEnabled":true},"in2DMode":false,"pivot":{"x":1.0490022897720338,"y":6.854857444763184,"z":0.03707456588745117},"rotation":{"x":0.15663185715675355,"y":0.05212042108178139,"z":-0.008281354792416096,"w":0.9862596988677979},"size":9.29410171508789,"orthographic":false}